keys,en,ko
MAIN_MENU_NEW_GAME,"New Game","새 게임"
MAIN_MENU_LOAD_GAME,"Load Game","불러오기"
MAIN_MENU_OPTIONS,"Options","설정"
MAIN_MENU_CREDITS,"Credits","제작진"
MAIN_MENU_EXIT,"Exit","종료"
MAIN_MENU_NEW_GAME_WARNING,"Warning!","주의!"
MAIN_MENU_NEW_GAME_CONFIRM,"Saved data already exists. Are you sure you want to start a new game?","저장된 데이터가 있습니다. 새 게임을 시작하시겠습니까?"
COMMON_YES,"Yes","예"
COMMON_NO,"No","아니요"
COMBAT_DAMAGE_UP,"Damage Up!","공격력 증가!"
COMBAT_PARRY_POWER_UP,"Parry Power Up!","패링 위력 증가!"
COMBAT_COUNTER_PARRY,"Counter Parry!","반격 패링!"
COMBAT_COUNTER_HIT,"Counter Hit!","반격 적중!"
COMBAT_PERFECT_GUARD,"Perfect Guard!","퍼펙트 가드!"
COMBAT_GUARD,"Guard","가드"
STATUS_SAVED,"Saved!","저장 완료!"
STATUS_HEALED,"Healed!","회복!"
STATUS_MANA_UP,"Mana Up!","마나 증가!"
STATUS_KEY_FOUND,"Key Found","열쇠 획득"
STATUS_RESTED,"Rested","휴식 완료"
STATUS_INVENTORY_FULL,"Inventory Full","인벤토리가 가득 찼습니다"
SHOP_SOLD_OUT,"Sold out","품절"
SHOP_STOCK_REMAINING,"{count} remaining","{count}개 남음"
SHOP_ITEM_ROW,"{name} [{price} G] - {stock}","{name} [{price} G] - {stock}"
SHOP_MY_GOLD,"My Gold: {gold} G","보유 골드: {gold} G"
SHOP_PRICE,"Price: {price} G","가격: {price} G"
SHOP_OUT_OF_STOCK,"Out of stock.","품절된 상품입니다."
SHOP_EXIT_HINT,"ESC: Exit","ESC: 나가기"
SHOP_PURCHASE_QUESTION,"Purchase this item for {price} Gold?","{price}골드로 이 아이템을 구매하시겠습니까?"
SHOP_PURCHASE_HINT,"Enter: Purchase / ESC: Cancel","Enter: 구매 / ESC: 취소"
SHOP_CANCEL_HINT,"ESC: Cancel","ESC: 취소"
SHOP_INVENTORY_FULL,"Inventory is full.","인벤토리가 가득 찼습니다."
SHOP_NOT_ENOUGH_GOLD,"Not enough Gold!","골드가 부족합니다!"
INVENTORY_GOLD,"Gold: {gold}","골드: {gold}"
INVENTORY_HP,"HP: {current} / {maximum}","체력: {current} / {maximum}"
INVENTORY_DAMAGE,"Damage: {damage}","공격력: {damage}"
INVENTORY_PARRY_MULTIPLIER,"Parry Damage Multiplier: x{multiplier}","패링 배율: x{multiplier}"
INVENTORY_GOLD_LABEL,"Gold:","골드:"
INVENTORY_HP_LABEL,"HP:","체력:"
INVENTORY_DAMAGE_LABEL,"Damage:","공격력:"
INVENTORY_PARRY_LABEL,"Parry Damage Multiplier:","패링 배율:"
INVENTORY_USE,"Use","사용"
COMMON_CLOSE,"Close","닫기"
OPTIONS_TAB_GRAPHICS,"Graphics","그래픽"
OPTIONS_TAB_AUDIO,"Audio","오디오"
OPTIONS_TAB_CONTROLS,"Controls and Game","조작 및 게임"
OPTIONS_SCREEN_MODE,"Screen Mode","화면 모드"
OPTIONS_RESOLUTION,"Resolution","해상도"
OPTIONS_FPS_LIMIT,"FPS Limit","FPS 제한"
OPTIONS_MASTER_VOLUME,"Master Volume","전체 음량"
OPTIONS_BGM,"BGM","배경 음악"
OPTIONS_SFX,"SFX","효과음"
OPTIONS_MOUSE_SENSITIVITY,"Mouse Sensitivity","마우스 감도"
OPTIONS_SHAKE,"Screen Shake","화면 흔들림"
OPTIONS_LANGUAGE,"Language","언어"
OPTIONS_WINDOWED,"Windowed","창 모드"
OPTIONS_FULLSCREEN,"Fullscreen","전체 화면"
OPTIONS_BORDERLESS,"Borderless","테두리 없는 창"
OPTIONS_FPS_30,"30 FPS","30 FPS"
OPTIONS_FPS_60,"60 FPS","60 FPS"
OPTIONS_FPS_144,"144 FPS","144 FPS"
OPTIONS_FPS_240,"240 FPS","240 FPS"
OPTIONS_FPS_UNLIMITED,"Unlimited","무제한"
OPTIONS_MOUSE_SENSITIVITY_VALUE,"Mouse Sensitivity: {percent}%","마우스 감도: {percent}%"
OPTIONS_SHAKE_VALUE,"Screen Shake: {percent}%","화면 흔들림: {percent}%"
STAGE_TUTORIAL_TITLE,"The Depths of the Forest","깊은 숲"
STAGE_01_TITLE,"Bunny's Forest","토끼의 숲"
STAGE_02_TITLE,"Rat's Cave","쥐의 동굴"
TUTORIAL_HEALTH_FLASK,"You obtained the Flask of Blessed Health.
Resting at a save point replenishes its charges, allowing repeated use.
Press [Q] to use it.","축복받은 생명의 플라스크를 획득했습니다.
세이브 포인트에서 휴식하면 사용 횟수가 초기화되어 다시 사용할 수 있습니다.
[Q]를 눌러서 사용하세요."
TUTORIAL_JUMP,"Welcome to the game.
Press [Z] to jump.
You can adjust your jump height by how long you hold the button.","게임에 오신 것을 환영합니다.
[Z]를 눌러 점프하세요.
버튼을 누르는 시간에 따라 점프 높이를 조절할 수 있습니다."
TUTORIAL_ATTACK,"There's an enemy ahead!
Press [X] to attack and defeat it.","앞에 적이 있습니다!
[X]를 눌러 공격하고 쓰러뜨리세요."
TUTORIAL_GUARD,"[Shift] to guard against projectiles and reduce incoming damage.
A perfectly timed guard negates the damage and empowers your next attack.
Guard has a 1.5-second cooldown, so use it wisely.","[Shift]를 눌러 투사체를 막고 받는 피해를 줄이세요.
정확한 타이밍에 가드하면 피해를 무효화하고 다음 공격이 강화됩니다.
가드에는 1.5초의 재사용 대기시간이 있으니 신중하게 사용하세요."
TUTORIAL_PARRY,"Press [X] with perfect timing to parry bullets of specific colors.
A parried bullet always hits the enemy and deals heavy counter damage.","특정 색상의 탄환은 정확한 타이밍에 [X]를 눌러 패링할 수 있습니다.
패링한 탄환은 반드시 적에게 명중하며 강력한 반격 피해를 줍니다."
TUTORIAL_GOLD,"Defeated enemies may drop Gold.
Gold can be used in shops or during special events, and can also be found scattered throughout the field.","적을 쓰러뜨리면 골드를 떨어뜨릴 수 있습니다.
골드는 상점이나 특별한 이벤트에서 사용할 수 있으며 필드 곳곳에서도 발견할 수 있습니다."
TUTORIAL_INVENTORY,"Press [I] to view your inventory and status.
Now, step into the real adventure and enjoy your journey!","[I]를 눌러 인벤토리와 상태를 확인하세요.
이제 모험을 시작하고 여정을 즐겨 보세요!"
ITEM_HEALTH_FLASK_NAME,"Red Flask of the Flower Spring","꽃샘의 붉은 플라스크"
ITEM_HEALTH_FLASK_DESCRIPTION,"A flask containing a mysterious, glowing red liquid found at the Spring of Flowers. Ancient myths say it refills whenever its bearer rests, and every drop mends wounds.","꽃의 샘에서 발견된 신비롭게 빛나는 붉은 액체가 담긴 플라스크입니다. 설화에 따르면 소유자가 휴식할 때마다 저절로 채워지며, 들어있는 액체의 방울은 상처를 치유한다고 합니다."
ITEM_HEALTH_POTION_NAME,"Healing Potion","치유 물약"
ITEM_HEALTH_POTION_DESCRIPTION,"Restores 40 health points.","체력을 40 회복합니다."
ITEM_PARRY_POTION_NAME,"Purple Potion","보라색 물약"
ITEM_PARRY_POTION_DESCRIPTION,"A vial containing a mystical purple liquid. It seems to improve the ability to parry attacks.","신비로운 보라색 액체가 담긴 병입니다. 공격을 패링하는 능력을 향상시키는 것 같습니다."
ITEM_PINK_KEY_NAME,"Pink Key","분홍색 열쇠"
ITEM_PINK_KEY_DESCRIPTION,"Opens a matching locked door or chest.","맞는 자물쇠가 달린 문이나 상자를 열 수 있습니다."
CHEST_OPEN_PROMPT,"Z: Open","Z: 열기"
KEY_DOOR_OPEN_PROMPT,"Press ↑ to open the door","↑키를 눌러 문 열기"
KEY_DOOR_ENTER_PROMPT,"Press ↑ to go through the door","↑키를 눌러 이동하기"
KEY_REQUIRED,"A key is required.","열쇠가 필요해."
